2025-01-01,Sold out,2023-12-03 17:04:07
2025-01-02,Sold out,2023-12-03 17:04:07
2025-01-03,Sold out,2023-12-03 17:04:07
2025-01-04,Sold out,2023-12-03 17:04:07
2025-01-05,Sold out,2023-12-03 17:04:07
2025-01-06,Sold out,2023-12-03 17:04:07
2025-01-07,Sold out,2023-12-03 17:04:07
2025-01-08,Sold out,2023-12-03 17:04:07
2025-01-09,Sold out,2023-12-03 17:04:07
2025-01-10,Sold out,2023-12-03 17:04:07
2025-01-11,Sold out,2023-12-03 17:04:07
2025-01-12,Sold out,2023-12-03 17:04:07
2025-01-13,Sold out,2023-12-03 17:04:07
2025-01-14,Sold out,2023-12-03 17:04:07
2025-01-15,Sold out,2023-12-03 17:04:07
2025-01-16,Sold out,2023-12-03 17:04:07
2025-01-17,Sold out,2023-12-03 17:04:07
2025-01-18,Sold out,2023-12-03 17:04:07
2025-01-19,Sold out,2023-12-03 17:04:07
2025-01-20,Sold out,2023-12-03 17:04:07
2025-01-21,Sold out,2023-12-03 17:04:07
2025-01-22,Sold out,2023-12-03 17:04:07
2025-01-23,Sold out,2023-12-03 17:04:07
2025-01-24,Sold out,2023-12-03 17:04:07
2025-01-25,Sold out,2023-12-03 17:04:07
2025-01-26,Sold out,2023-12-03 17:04:07
2025-01-27,Sold out,2023-12-03 17:04:07
2025-01-28,Sold out,2023-12-03 17:04:07
2025-01-29,Sold out,2023-12-03 17:04:07
2025-01-30,Sold out,2023-12-03 17:04:07
2025-01-31,Sold out,2023-12-03 17:04:07
